<?xml version="1.0" encoding="UTF-8"?>
<metadata xml:lang="en"><Esri><CreaDate>20140604</CreaDate><CreaTime>13003400</CreaTime><ArcGISFormat>1.0</ArcGISFormat><SyncOnce>TRUE</SyncOnce><DataProperties><lineage><Process ToolSource="c:\program files (x86)\arcgis\desktop10.1\ArcToolbox\Toolboxes\Data Management Tools.tbx\CreateRandomPoints" Date="20130126" Time="163600">CreateRandomPoints C:/Temp data1.shp # "0 0 250 250" 100 "0 Unknown" POINT 0</Process><Process ToolSource="c:\program files (x86)\arcgis\desktop10.1\ArcToolbox\Toolboxes\Data Management Tools.tbx\AddField" Date="20130206" Time="185821">AddField C:\Temp\data1.shp value LONG # # # # NULLABLE NON_REQUIRED #</Process><Process ToolSource="c:\program files (x86)\arcgis\desktop10.1\ArcToolbox\Toolboxes\Data Management Tools.tbx\CalculateField" Date="20130206" Time="190418">CalculateField C:\Temp\data1.shp value r PYTHON "import random\nr = random.randint(1,100)"</Process><Process ToolSource="c:\program files (x86)\arcgis\desktop10.1\ArcToolbox\Toolboxes\Data Management Tools.tbx\AddXY" Date="20130209" Time="153739">AddXY C:\Temp\data1.shp</Process><Process ToolSource="c:\program files (x86)\arcgis\desktop10.1\ArcToolbox\Toolboxes\Data Management Tools.tbx\AddField" Date="20130212" Time="202321">AddField C:/Temp/data1.shp result LONG # # # # NULLABLE NON_REQUIRED #</Process><Process ToolSource="c:\program files (x86)\arcgis\desktop10.1\ArcToolbox\Toolboxes\Data Management Tools.tbx\AddField" Date="20130212" Time="202329">AddField C:/Temp/data1.shp measure LONG # # # # NULLABLE NON_REQUIRED #</Process><Process ToolSource="c:\program files (x86)\arcgis\desktop10.1\ArcToolbox\Toolboxes\Data Management Tools.tbx\AddField" Date="20130212" Time="202339">AddField C:/Temp/data1.shp result LONG # # # # NULLABLE NON_REQUIRED #</Process><Process ToolSource="c:\program files (x86)\arcgis\desktop10.1\ArcToolbox\Toolboxes\Data Management Tools.tbx\CalculateField" Date="20130212" Time="202454">CalculateField C:/Temp/data1.shp result "2*!measure! - !value!" PYTHON #</Process><Process ToolSource="c:\program files (x86)\arcgis\desktop10.1\ArcToolbox\Toolboxes\Data Management Tools.tbx\CalculateField" Date="20130212" Time="202631">CalculateField C:/Temp/data1.shp result "2*!measure! - !value!" PYTHON #</Process><Process ToolSource="c:\program files (x86)\arcgis\desktop10.1\ArcToolbox\Toolboxes\Data Management Tools.tbx\CalculateField" Date="20130212" Time="211759">CalculateField C:/Temp/data1.shp result "2*!measure! - !value!" PYTHON #</Process><Process ToolSource="c:\program files (x86)\arcgis\desktop10.1\ArcToolbox\Toolboxes\Data Management Tools.tbx\CalculateField" Date="20130212" Time="212203">CalculateField C:/Temp/data1.shp result 5 PYTHON #</Process><Process ToolSource="c:\program files (x86)\arcgis\desktop10.1\ArcToolbox\Toolboxes\Data Management Tools.tbx\CalculateField" Date="20130212" Time="212232">CalculateField C:/Temp/data1.shp result "2*!measure! - !value!" PYTHON #</Process><Process ToolSource="c:\program files (x86)\arcgis\desktop10.1\ArcToolbox\Toolboxes\Data Management Tools.tbx\CalculateField" Date="20130212" Time="214544">CalculateField C:/Temp/data1.shp result "2*!measure! - !value!" PYTHON #</Process><Process ToolSource="c:\program files (x86)\arcgis\desktop10.1\ArcToolbox\Toolboxes\Data Management Tools.tbx\CalculateField" Date="20130212" Time="214931">CalculateField C:/Temp/data1.shp result "2*!measure! - !value!" PYTHON #</Process><Process ToolSource="c:\program files (x86)\arcgis\desktop10.1\ArcToolbox\Toolboxes\Data Management Tools.tbx\CalculateField" Date="20130212" Time="215122">CalculateField C:/Temp/data1.shp result "2*!measure! - !value!" PYTHON #</Process></lineage><itemProps><itemLocation><linkage Sync="TRUE">file://\\YOSEMITE\C$\gispy\data\ch10\archive\outData</linkage><protocol Sync="TRUE">Local Area Network</protocol></itemLocation></itemProps><copyHistory><copy source="C:\gispy\data\ch10\outData" dest="\\YOSEMITE\C$\gispy\data\ch10\archive\outData" date="20140604" time="13023700"></copy></copyHistory></DataProperties></Esri></metadata>
